id_pencarian,nama_pencarian,jenjang_pencarian,pt_pencarian,pt_singkat_pencarian,id_sp,id_sms,nama_pt,kode_pt,nama_prodi,kode_prodi,kel_bidang,jenj_didik,tgl_berdiri,tgl_sk_selenggara,sk_selenggara,no_tel,no_fax,website,email,alamat,provinsi,kab_kota,kecamatan,lintang,bujur,status,akreditasi,akreditasi_internasional,status_akreditasi,detail_error
m6Yegjx9GJxc7M9HtxqYeY2BxnwS9vJfi239nKsRngMiB_If82OOOFiBv-4M4x2A8eDLnQ==,KOMPUTASI STATISTIK,D4,POLITEKNIK STATISTIKA STIS,,nX826xeaGsdausNHsc77n6FW_OPm2LK6O_zhuksb0ln-msaiC9Laht1GFgT7lC9EBs5zng==,w77QoYP3jnsf5jdHHL7rk5rbpWpiQEsVl8gBmHQpF6dUn_0lPSdJgPIrYJzo5ATl-IgPYA==,Politeknik Statistika STIS,335001  ,Komputasi Statistik,49502,MIPA,D4,2016-10-03T00:00:00Z,2016-10-03T00:00:00Z,429/KPT/I/2016,(021) 8191437,(021) 8197577,www.stis.ac.id,komputasi@stis.ac.id,,Prov. D.K.I. Jakarta,Kota Jakarta Timur,Tidak Diisi,-6.2314692,106.8667491,Aktif,Unggul,-,,
HBbiHI0cnrYt449PFQqk9BlP2pDz9_fR_yweKm1KD8jsUmwZnolBsZNFAF9SPyUozjQBtA==,STATISTIKA,D4,POLITEKNIK STATISTIKA STIS,,qzAOLMcjIcFsM-zj9lCyNJ3quXhTvamyO_Gey7epvoX0ERYULwmweKz6QH3zaHwmbiKWiQ==,4WSZuVOQzoUycM_DwaUF3JdwOf4NhGlbYBtk_MHaTk3kWE4JwLSzPrEHq9yYtCWbfj_HvQ==,Politeknik Statistika STIS,335001  ,Statistika,49501,MIPA,D4,2016-10-03T00:00:00Z,2016-10-03T00:00:00Z,429/KPT/I/2016,(021) 8191437,(021) 8197577,www.stis.ac.id,statistika@stis.ac.id,,Prov. D.K.I. Jakarta,Kota Jakarta Timur,Tidak Diisi,-6.2314692,106.8667491,Aktif,Unggul,-,,
LZRMXWWG5m_SUjM3JQwwHrg3fygKfuXJgVH82xYKzi40dgGmyQk-k-XIerJlwStm29XBTw==,STATISTIKA,D3,POLITEKNIK STATISTIKA STIS,,nDOiX4Ac0lBdFjwoPx9OmA1-4ILCsS2q7EVdJeOQQWUidzhgxlkGk0Uq_c9EwebwBbpwRQ==,puuASdC8BG6qKJU3B5sq0Y_o0F3LtWN1VHNCTgDnBCdGN7yclk9vUnVctK0kM_pu5c2zBA==,Politeknik Statistika STIS,335001  ,Statistika,49401,MIPA,D3,2016-10-03T00:00:00Z,2016-10-03T00:00:00Z,429/KPT/I/2016,(012) 8191437,(021) 8197577,www.stis.ac.id,d3-statistika@stis.ac.id ,,Prov. D.K.I. Jakarta,Kota Jakarta Timur,Tidak Diisi,-6.2314692,106.8667491,Aktif,Unggul,-,,
mytJzfZdRmRyjirgUmnhZ4uyVjuUqRSuvu5XYguWKv7j20n9JxM6lfvAf87vExgf2xDybw==,STATISTIKA,D4,SEKOLAH TINGGI ILMU STATISTIK,SEKOLAH TINGGI ILMU,P5s4f6AD7BmO90kR88Obc0o1bJsbDqo7hRVfoWAgghmdQ09pWxnWMvetf-k2Wk8R2l5lng==,FuCdB4P1eUXAaknK4LyU8Rziv37ka0IQImP_3SNbELUYCD0tR1tsMK52fj6ns6cqZ4oxfA==,Sekolah Tinggi Ilmu Statistik,333001  ,Statistika,49501,MIPA,D4,1998-02-07T00:00:00Z,1998-02-07T00:00:00Z,Perpres 163 Th 1998                     ,"(021) 8191437, 85088",(021) 8197577,www.stis.ac.id,info@stis.ac.id,Jl. Otto Iskandardinata 64C Jakarta ,Prov. D.K.I. Jakarta,Tidak Diisi,Tidak Diisi,0,0,Alih Bentuk,,-,,
QInSqWuccduKBy0OWW9oW4a9iH3ZLmnhYoSm1J0Dtp6I8865uD5_zJP6_r47_flvpmey_A==,STATISTIKA,D3,AKADEMI STATISTIKA MUHAMMADIYAH SEMARANG,AIS MUHAMMADIYAH SEM,JZM39gnHxuzNIaVFWEVgDg5Gnx2jngLS6IY-i6LsZkItrLPBVYfFMIrZ5OZQufe4ebpjtg==,XJLX9Og1G-HrAoUki-JvxjF8zh0mltAwWP1GvWRynkrBI6CWkpU_-vySkM_rgpsOgj_UDA==,Akademi Statistika Muhammadiyah Semarang,064025  ,Statistika,49401,MIPA,D3,1992-01-06T00:00:00Z,2012-10-03T00:00:00Z,13157/D/T/K-VI/2012                     ,0247608786          ,0247619177,www.aismuh.ac.id,akademi.statistika@aismuh.ac.id,JL. PROF. DR. HAMKA KM. 01(NGALIAN) TAMBAK AJI SEMARANG                         ,Prov. Jawa Tengah,Kota Semarang,Tidak Diisi,0,0,Alih Bentuk,,-,,
UESv1q4dSAlkeJCXCTs0zHoYRImby2Ut3S8sf3LI0NLjJfi7dmyQ2_H9MYGV4bEg_BIEQQ==,KOMPUTASI STATISTIKA,D4,SEKOLAH TINGGI ILMU STATISTIK,SEKOLAH TINGGI ILMU,FSquFdUY-FXDF_MgIupwkaAk_0iQIfAHKMU14YKD6XJfGYMuJsaqcxX4R1qvS2hKqcnHUw==,1oKiM_h5a7878L7WqOfGwh9GH3Cqqwmi8kyuUVkNiuNc9TOp9NMk8-qOPYoaLm5uFi0XHQ==,Sekolah Tinggi Ilmu Statistik,333001  ,Komputasi Statistika,49502,MIPA,D4,1998-02-07T00:00:00Z,1998-02-07T00:00:00Z,Perpres 163 Th 1998                     ,"(021) 8191437, 85088",(021) 8197577,www.stis.ac.id,info@stis.ac.id,Jl. Otto Iskandardinata 64C Jakarta,Prov. D.K.I. Jakarta,Tidak Diisi,Tidak Diisi,0,0,Alih Bentuk,,-,,
7X62gci1zWEhfhmOkHbWOaQdb6u0_ujW07ZdSlYoUO9kbG6viHr1IwN4WsSOusNq3dAi7g==,STATISTIKA,S1,UNIVERSITAS MATANA,,zoIouLCERZ3RB-97TQoZpZhoid9Srq1EVojnrKc1VaHFy5WelWcnn2-dEEXKewIqMyL-tw==,2SIqnfqwNsUeo7iVHPUrgnbHr2LRZuLkUeWIKB0WZLpaOhY7m1ao4bG1d0vf2JwOevzmDg==,Universitas Matana,041116  ,Statistika,49201,MIPA,S1,2014-08-13T00:00:00Z,2014-08-13T00:00:00Z,331/E/O/2014,,,,,,Prov. Banten,Kab. Tangerang,Tidak Diisi,0,0,Aktif,Baik Sekali,-,,
y75oBI7la3Sv1vqFBh6oFx8SOuQH9GEVtiSsxsj9Eg0tsBZ02G5muFk_f5H1j_jjm5JBlA==,STATISTIKA,S1,UNIVERSITAS MATANA,,oaysxp0Db8efefh0MQH_giiPqjcB2CAXEmMw89PIvl-iKqaZcge7r6yD9uYTMvP6N4czFA==,IEiZlIIqCCAc8fQAQLcvbmM5_9PJzgH7fKWOX4FKObxLmHx06XzJUvLNBQzbTJhKyY-TfQ==,Universitas Matana,031060  ,Statistika,49201,MIPA,S1,2014-08-13T00:00:00Z,2014-08-13T00:00:00Z,331/E/O/2014,(021) 2923 2999,(021) 2941 8999,matanauniversity.ac.id,info@matanauniversity.ac.id, ,Prov. Banten,Kota Tangerang,Tidak Diisi,0,0,Alih Bentuk,,-,,
DP7O5Uj9GAg06rsl_9Ym224Kqo6HjPm_DZURqxim8v48GJ04yuCla8zCRGxnQpJzdMeObA==,STATISTIKA,D3,INSTITUT TEKNOLOGI STATISTIKA DAN BISNIS MUHAMMADIYAH SEMARANG,ITESA MUHAMMADIYAH,lzIA11dS7zMxOk7YxGTb4_KVAqeGEnES7whewEztPHNoj-kTaZU5CBFU4tVJrOVFvasQZQ==,8x1kbpQT-oDHb7c3DBj--Y0YqRsGhLPIPum13NfJVfMadkb8sLCCrP6ZcVEhFft0E68h4A==,Institut Teknologi Statistika dan Bisnis Muhammadiyah Semarang,062010  ,Statistika,49401,MIPA,D3,2021-07-26T00:00:00Z,2021-07-26T00:00:00Z,347/E/O/2021,,,,,,Prov. Jawa Tengah,Kota Semarang,Tidak Diisi,0,0,Aktif,Unggul,-,,
B6aofZl8FPR_bH8d8GNUJ1r7TfRdTU_LeHwn2uUU1_KxkP0uC6LEVp7vUwW82upLwQstGg==,STATISTIKA,S1,UNIVERSITAS PATTIMURA,UNPATTI,2QPLBSReG3C4fAOUAmazYIejMssJ7d4dFBMlEGklmDTz43z4oGlscYnI6ATZVS_X40vGZQ==,Venzf-MaaYvxGHAfdNRyyck3WDo2sT4XRpR16bRfFBv5J3Bl90OFDNWypU5EQNhizrtmMw==,Universitas Pattimura,001021  ,Statistika,49201,MIPA,S1,2018-02-02T00:00:00Z,2018-02-02T00:00:00Z,117/KPT/I/2018,0911-316015,0911-316015,https://s1stat.fmipa.unpatti.ac.id ,statmipaunpatti@gmail.com,,Prov. Maluku,Kota Ambon,Kec. Teluk Ambon,-3.653156,128.192913,Aktif,Baik Sekali,-,,
F6CvtKDrX-CMsC_zS_XPTQxWIyarU1_qC9H35_176bMumLNCVCtPGays0qQ1gqa4EEj_yw==,STATISTIKA,S1,UNIVERSITAS TERBUKA,UT,Se8J80t38T87LoVGB7dTxKHeUeJnurv1u16oyvp1uHRMFb0UP5bgaURI6F6iQ5BipNToWw==,JnGUPLD0FgA5mT7sGRFAbSN5kRD7u1b7lLoNA4H1bLp_BCxeOpZaYFE_ar1Tt4fpWA-vcg==,Universitas Terbuka,001031  ,Statistika,49201,MIPA,S1,1990-07-11T00:00:00Z,2011-04-27T00:00:00Z,6747/D/T/K-N/2011                       ,021-7490941 ext.1818,0217490147          ,www.ut.ac.id                            ,harmi@ut.ac.id                          ,"Gedung Fakultas Universitas Terbuka, Jl. Cabe Raya Ciputat  ",Prov. Banten,Kota tangerang Selatan,Tidak Diisi,-6.341585,106.759228,Aktif,Unggul,-,,
samriBtVuBQWQCOvFwCMi3IbNr-uWM0HAQ2jJ9nOyjCtW9ge_2HoKMHZz9T8diiIxxd95A==,STATISTIKA,S2,UNIVERSITAS BENGKULU,UNIB,mn1Vg1zOqs8b4OC8POKwJk1p4jZDtt69qY3m2AtzVxnOPrylEQ5FYM0nVH_g1a9e0fGTcw==,OGs3SmdO5-wtIpAQVJHRTCep6M9OWftsRqVpsY0094GMLuO3wkKH4txj-2rn4RKBs0tTCA==,Universitas Bengkulu,001030  ,Statistika,49101,MIPA,S2,2014-10-10T00:00:00Z,2014-10-10T00:00:00Z,482/E/O/2014,,,,,Jalan WR Supratman Kandang Limun ,Prov. Bengkulu,Kota Bengkulu,Kec. Muara Bangkahulu,0,0,Aktif,Baik Sekali,Terakreditasi Internasional,,
Nwn8nIoi72uwgHV1y6uBUG9JI96ppUbCSTFhs_Ogpf70ZSmwVFccI3nC9YVVEjsJvPE-yQ==,STATISTIKA,S1,UNIVERSITAS BENGKULU,UNIB,LFxW5C5R_5JT8N8nbt28AhyNUgcgI4BYPETahhM4BtcpSX-Tlq9woGx7__2RZkxwyvfeKg==,ucCM-NS1jxqXnl8NoYfUJdJVwgPCpPBrm8nFtaQ8HqrGL5ARv0CxoMwmX-cgxToYdZv89g==,Universitas Bengkulu,001030  ,Statistika,49201,MIPA,S1,2016-02-03T00:00:00Z,2016-02-03T00:00:00Z,73/KPT/I/2016,,,,,,Prov. Bengkulu,Kota Bengkulu,Kec. Muara Bangkahulu,0,0,Aktif,Unggul,Terakreditasi Internasional,,
dKCvbV_DI9oNs1RpqydksDbh7S-X1w9hkK-ZbYuSrDFFNMaJiXQ8-w7CP6fguKlDt44JLQ==,STATISTIKA,S1,UNIVERSITAS AIRLANGGA,UNAIR,CtRcpb10hvgFGKTjy3HsT-I3lAeLTPA51m5bJwCYwQKPDeLH1BkTx6El01EMgXit5v1tYQ==,ip1LbDq142NurOBnYPWAdUWvA7d5FPigytgqgp7aJZD0vVUbq8ms2DFFklzNSR4l6h466g==,Universitas Airlangga,001004  ,Statistika,49201,MIPA,S1,2011-02-24T00:00:00Z,2011-02-24T00:00:00Z,91/H3/KR/2011                           ,,,,,-,Prov. Jawa Timur,Kota Surabaya,Kec. Mulyorejo,0,0,Aktif,Unggul,-,,
f3pVweFnDSl53CcGx0sfr4AvRkj1DaYVVv_6fuw-wN6LJCsHqs-anrUuLiBdxsGAEO1m4A==,STATISTIKA,S1,UNIVERSITAS BRAWIJAYA,UB,dU3fTaJY_1dcNK5nhlBeEsNBlaUUrhWNWUrfRSQsJ4AtojZcJtSXITuKy2PhX4NK9Te5MQ==,sKyOO55rz1pc22NnDvrkp5bKzRi7akcBnJ9T36HnUI2hkEagZOR-Pco7rpJWujkZtXrCuQ==,Universitas Brawijaya,001019  ,Statistika,49201,MIPA,S1,1998-02-23T00:00:00Z,2011-04-21T00:00:00Z,6585/D/T/K-N/2011                       ,0341554403,0341554403,statistika.ub.ac.id,fmipa@brawijaya.ac.id                   ,-,Prov. Jawa Timur,Kota Malang,Kec. Lowokwaru,-7.952531,112.611732,Aktif,Unggul,Terakreditasi Internasional,,
VOm7j-7PRFo83PkQUsiMo5N9W7wpjkDTZjDQlVP7HI4RZA3KPgP9HfCx012weGVfl2XyCw==,STATISTIKA,S1,UNIVERSITAS TADULAKO,UNTAD,GaHfCXLIURqyLdJYI8YOfmrcKngDtUCnOI5aSd1dCv3tku3B2cLl2mekUmX1VRUI_IuTDA==,T08ds_0Lx0_C10uIZEplYj9iOeChekbriGaSSok2hx3-j3_1nVV4DjG2SyFX2XO6dYE6bQ==,Universitas Tadulako,001028  ,Statistika,49201,MIPA,S1,2014-03-05T00:00:00Z,2014-03-05T00:00:00Z,090/P/2014,,,https://statistika.fmipa.untad.ac.id/,Statistika.untad.ac.id,,Prov. Sulawesi Tengah,Kota Palu,Tidak Diisi,-0.837625,119.894499,Aktif,Baik Sekali,-,,
DwtgBU4rAZkfhBHAHjyF1KIa-CRnvTr08GgW6F6PSSONdNK9t6S1hgqvZKVOIvCznws4_g==,STATISTIKA,S1,UNIVERSITAS HASANUDDIN,UNHAS,FEypGgyQIl9nJQU5U-u7gvGvUTPP0-eArKxRylyuoE-biFdRxV3UPlGo7wCSm6_4xwdWSQ==,NkR7sBMPgm7T480DlcPzBwuefsmHy9TLXN42ue9QtDMgVevt-hn9_f16pCFNS1Ntwx6o4Q==,Universitas Hasanuddin,001005  ,Statistika,49201,MIPA,S1,1960-01-01T00:00:00Z,2010-11-28T00:00:00Z,4579/D/T/K-N/2010                       ,0411585643          ,                    ,                                        ,fmipa_sta@unhas.ac.id                   ,Jl. Perintis Kemerdekaan KM. 10 Makassar                    ,Prov. Sulawesi Selatan,Kota Makassar,Tidak Diisi,0,0,Aktif,Unggul,Terakreditasi Internasional,,
1hU0MMVcMrKQJTRDR9Ww34ewjQGjv-mE4tfk42H72Rn8RssgDtf0K6zRmxof_GSRGl0H1w==,STATISTIKA,S2,UNIVERSITAS HASANUDDIN,UNHAS,Dvepzh9DRyWgQZO80nwCxA6RUVijph7Mlsj4SdOsM-dAv4ysKziBbekHb8mTkcTkS4JBKg==,WX0eu9n4Aa1mQMqH-9zTEL3JZktrq_prFxGGNp6g0bhPrXz8RJ10AXs17JljTqtmjja_kQ==,Universitas Hasanuddin,001005  ,Statistika,49101,MIPA,S2,2019-07-24T00:00:00Z,2019-07-24T00:00:00Z,3874/UN4.1/KEP/2019,,,,,,Prov. Sulawesi Selatan,Kota Makassar,Tidak Diisi,0,0,Aktif,Unggul,-,,
SToD2279OhuYATMoNZB8VNEQ_vM6lNOXTkPIPWxoe_-O9fwmEWvosmaTmt1ZQHSvVuGyAg==,STATISTIKA,S1,UNIVERSITAS INDONESIA,UI,-nMoe4XUBQzsebp-l8gFwm51kParL0vqD-aXAAC2kit4DBxuEoMubiW82P3Enyke4sf8Aw==,mlykXhC4dD64-eWZGLHorjuWNlKK0R7ZrAe7G-EcqiRLD5OSenVS4DGCCD_CX_-D7xevKw==,Universitas Indonesia,001002  ,Statistika,49201,MIPA,S1,2015-04-28T00:00:00Z,2015-04-28T00:00:00Z,1107/SK/R/UI/2015,,,,,Kampus Depok Universitas Indonesia,Prov. D.K.I. Jakarta,Kota Jakarta Pusat,Tidak Diisi,0,0,Aktif,Unggul,-,,
8zrvIdz0XrXDK1w6VC7WyRWvdX7CaGsp7ag-p_5kuA_jcIucRN0trXT7_4eZHibBZuBNmA==,STATISTIKA,S1,UNIVERSITAS PATOMPO,UP,IbCXDZ1X2LHRgMpozwVewrqiRixNHdYp7R3x80xRRlIxsBxfG5oqlJCJ-Fup1gB1viz8uw==,Qebkl-jHB83zW3h_l09IPqO5hBKA6BJb5ePL-kCyH7klEWWLNcIkWqv0rT1tUTfz4TRG2Q==,Universitas Patompo ,091075  ,Statistika,49201,MIPA,S1,2022-06-10T00:00:00Z,2022-06-10T00:00:00Z,422/E/O/2022,,,,,,Prov. Sulawesi Selatan,Kota Makassar,Tidak Diisi,0,0,Aktif,Baik,-,,
NKD4sETouILG92jnk36QoXLVaXt-HAkQgpsCKa2w9c3a4scTJYXTUjcQihRnCdxvwz1yWw==,STATISTIKA,S2,UNIVERSITAS BRAWIJAYA,UB,moTUkTNLJ_3y0irG-7XZqjYrACBrnmXog4LXDrGb7moaghJXVxC5EriPWj6XLcuOlFqJTg==,pG8KxLJTlqkuLEHwAlNHZ62p_YCeZRl6eq3B2IAe1xIxDSDg88c4LR7Urm0WB0I1SkcO8Q==,Universitas Brawijaya,001019  ,Statistika,49101,MIPA,S2,2013-07-11T00:00:00Z,2013-07-11T00:00:00Z,267/E/O/2013,0341554403,0341554403,http://matematika.ub.ac.id/s2statistika/,pascamipa@gmail.com,Jl. Veteran,Prov. Jawa Timur,Kota Malang,Kec. Lowokwaru,-7.952531,112.611732,Aktif,Unggul,-,,
JPkcO7s6kfSZQzUlPq_C5U3SGs-LLLw4UZkI3_R5saGS-49qwX81haBQknSvo9sUiRYIrg==,STATISTIKA,S1,UNIVERSITAS PADJADJARAN,UNPAD,c5m1URuJ067siox9svsEk_aGAAphKIowFBbtfktX1SyZ-nMkL6ymFzJv4eXlDbBY3xbcoA==,bSDfF6ZpPQGCu0feXA8mfM8kMfmsNnGcZctfYDqI5WEkGuVQzbwq8Idqh0E-t60iZnOCjQ==,Universitas Padjadjaran,001007  ,Statistika,49201,MIPA,S1,1957-09-11T00:00:00Z,2011-04-26T00:00:00Z,6639/D/T/K-N/2011                       ,022-7796002   ,022-7796002 ,statistics.unpad.ac.id,statistika@unpad.ac.id             ,Jalan Raya Bandung-Sumedang Km 21 Jatinangor 45363          ,Prov. Jawa Barat,Kab. Sumedang,Tidak Diisi,0,0,Aktif,Unggul,-,,
xPr0ywX_78gSFMOKqaDrt5d0M8J5b26jCrcdpx-N_iPgZL7ouK9LRGcVd0Fh6BXTstz_5A==,STATISTIKA,S1,UNIVERSITAS CENDERAWASIH,UNCEN,n29Zm1U5q8mON34CorxpjxMyiAdXiQmTVtAQ8N_nIH5myw1TC7vLe9-SHUlA0fAfeqa42A==,1M3ZkuqV5zw5OYc8_ytWXLjJfxf67m75JpiwDNKmn9JWvv0gttzzON009p8KJkIk_TAQ5A==,Universitas Cenderawasih,001018  ,Statistika,49201,MIPA,S1,2017-02-08T00:00:00Z,2017-02-08T00:00:00Z,136/KPT/I/2017,,,https://statistika.fmipa.uncen.ac.id/,statistika.fmipa.uncen@gmail.com,,Prov. Papua,Kota Jayapura,Tidak Diisi,-2.5828766,140.6514591,Aktif,Baik,-,,
Q6NXENNyRAen3MK_ui-85k360ckEiKOPouYBc585F99-3IuJn5KeNF9khb2EdHmDyZQeLA==,STATISTIKA,S1,UNIVERSITAS DIPONEGORO,UNDIP,dCOhYpbm0wf0znR8dY9YSLgyyikCs7iNTRqtmPlICG6va2W72wB-dIJvaaiBlGdxJ5OmsQ==,GT5o67tLtTrbhmYmCBVQkd9MedmkA3FiJQzK02LozHKaodPvEuIBG8HK1vFFp2oCEwNmdw==,Universitas Diponegoro,001008  ,Statistika,49201,MIPA,S1,2003-05-07T00:00:00Z,2013-05-31T00:00:00Z,15594/D/T/K-N/2013                      ,(024)7474754,(024)76480690,https://stat.fsm.undip.ac.id/v1/,statistika@live.undip.ac.id,"Jl. Prof. Soedarto, SH. Kampus Tembalang Semarang 50275     ",Prov. Jawa Tengah,Kota Semarang,Kec. Tembalang,-7.04827,110.441747,Aktif,Unggul,-,,
qqsCYfVVoRw5PQlw5rSyudR6u46QJb0wYtTsFU7rXv5AQFHQmH0IZrXqwJ4UhraRRB_90w==,STATISTIKA,S1,UNIVERSITAS MULAWARMAN,UNMUL,GON-Fy3gxK0CTwaBdTcDyE77pxs0aEwf78SLJTKdvam8VsDXQEsRrmcbevxXzCMo1LslAA==,z8X13eDusGk9vR1yktDET5DTNsc8UPL0ZjCHoIMS1G9nY6IynJ7eG8F_7XeJc7GesQRKzA==,Universitas Mulawarman,001015  ,Statistika,49201,MIPA,S1,2001-07-20T00:00:00Z,2012-03-10T00:00:00Z,10952/D/T/K-N/2012                      ,0541-749152 ,0541-749140,http://statistika.fmipa.unmul.ac.id/,statistika@fmipa.unmul.ac.id               ,-,Prov. Kalimantan Timur,Kota Samarinda,Kec. Samarinda Ulu,0,0,Aktif,Unggul,-,,
1vpADOjKp8TPyAmrftxjwsvD8MmiyC-rObWFajyaqxek1esjkKYM54Io0ylj5sxhxeCrJg==,STATISTIKA,S1,UNIVERSITAS RIAU,UNRI,ZxCNyObDsRXgRkMd22wTGkznSn0-OFz7kba3Ywq2ie5WPyLft2tCh0ZG0sBGBqYie5aWKw==,HVLDOGkM3CAWRIovYLqywG_5-tuUdpyqKxuz1S-nzc1ijaLxb0qNmNIDyNpFCYZaY7FbwA==,Universitas Riau,001017  ,Statistika,49201,MIPA,S1,2016-03-10T00:00:00Z,2016-03-10T00:00:00Z,118/KPT/I/2016,0761 63273,0761 63273,http://math.fmipa.unri.ac.id,Matematika_fmipa@unri.ac.id,,Prov. Riau,Kota Pekanbaru,Tidak Diisi,0.477002,101.376443,Aktif,Unggul,-,,
VP0fZDZshyWeI0cepcxatnljn1KBRhIpcEb_OZ-_HrS_CX1N3NSwshknInf6HVed_7IEBQ==,STATISTIKA,S1,UNIVERSITAS HAMZANWADI,HAMZANWADI,_UOZUbRBB0hZFm0GtLZ3tMiBvQ_gw3GQ-uWm4rzXYxDOlc0z8DI1fJwXcouAFXr9DQspkw==,W0xTtkEO93vUdxhSWj5ZCZVDT7aX-FxP_6enFj6W4GDuMHo3o4wIl-qNQA2sRs4CULzajA==,Universitas Hamzanwadi,081035  ,Statistika,49201,MIPA,S1,2016-09-23T00:00:00Z,2016-09-23T00:00:00Z,428/KPT/I/2016,,,https://statistika.fmipa.hamzanwadi.ac.id/,statistik@hamzanwadi.ac.id,"Jl. TGKH M. Zainuddin Abdul Majid no. 132 Pancor, Selong-Lombok Timur",Prov. Nusa Tenggara Barat,Kab. Lombok Timur,Kec. Selong,0,0,Aktif,Baik Sekali,-,,
EtNS6ry8g_KL2KzpKMfLyDxErb7nOn0SxzVNzewGdV0rMxyOVE00a0slY-9ZApepfBAF3g==,STATISTIKA,S1,UNIVERSITAS MATARAM,UNRAM,y0RbYzK0VQhQmDIMG8aN1ififbYjg6nDw9NkC0MW4IOY7fP1WQBy2Fk-3vbalDsohVBmww==,2FCiR9kLaLRmVeVbLzu2s4Fzov09JQhusixvLSjD_Va-EI2EJ7uCV1xjv75jG3ZaltkOaw==,Universitas Mataram,001016  ,Statistika,49201,MIPA,S1,2022-09-26T00:00:00Z,2022-09-26T00:00:00Z,710/E/O/2022,(0370)646506,(0370)646506,,,,Prov. Nusa Tenggara Barat,Kota Mataram,Kec. Selaperang,-8.5875474,116.0955763,Aktif,Baik,-,,
yiEVpZMw6ONm9xeSvlYN3FnG7LGrOllZo2p4UanxZbYcpBv2XNFepHKR0I0FGK1TOG_Axw==,STATISTIKA,S1,UNIVERSITAS ISLAM BANDUNG,UNISBA,5gNwlv-i8-4j4_SPbKwIs0Vn8eGyUXd5fC8HCGunyhEDcUR3D0_RcVvQOq-Or6Dz-9rkEA==,z7woHZEdnEjgHRjdB3mWblX_WDOnVe0FjTja3VpOiJnPp2yw8z2F3w0qkc9KrvpQ2PHVvg==,Universitas Islam Bandung,041002  ,Statistika,49201,MIPA,S1,1972-01-01T00:00:00Z,2009-02-23T00:00:00Z,1050/D/T/K-IV/2009                      ,4203368-437     ,4263895            ,statistika.unisba.ac.id                  ,mipa@unisba.ac.id                       ,                                                            ,Prov. Jawa Barat,Kota Bandung,Kec. Bandung Wetan,-6.902525,107.611019,Aktif,Unggul,-,,
asx5FWgOQDSXVOGdY8tJ3vKvpbydNNVSlgAeTutr1dYFv4gsNWrjOQoFTBMWA0HxHlet3w==,STATISTIKA,S1,INSTITUT TEKNOLOGI KALIMANTAN,ITK,6XXz-9HTDYrGAnFN7zPCYJ4km4ZPETu_BxwhXxrvVqz8kVhlUwPiGFPzlk078Vi2yfAAzg==,FfPul4ZXtF8pVojo5uTMjeuDwLLA74ZuUK_8BJHL4l_-wBZMlgHa2f1QuVB_aieqyWkdfA==,Institut Teknologi Kalimantan,002013  ,Statistika,49201,MIPA,S1,2020-06-30T00:00:00Z,2020-06-30T00:00:00Z,610/M/2020,0542-8530801,0542-8530800,stat.itk.ac.id,stat@itk.ac.id,,Prov. Kalimantan Timur,Kota Balikpapan,Tidak Diisi,-1.1504216,116.8587103,Aktif,Baik,-,,
bzrhmn8XogYc616JbS-sY7b1dCD8iRxV67NMm-BFsW4sNzTKZqD0d2-dv102z_FZE8S5ZA==,STATISTIKA,S2,UNIVERSITAS SYIAH KUALA,USK,JI2EHONBA27DHZqB7T6SzmhLYncSvPq1evcCfYauEIujBOv2hbslhNJ3xNNYmDA01gdo9A==,Wx7HsM5c1Zsj3SNGYWPNFaFVypcmp8ep_AEHyE-hc_jgCxqsVPUkuT5Tbm0IQY6BM3qkow==,Universitas Syiah Kuala,001011  ,Statistika,49101,MIPA,S2,2025-04-21T00:00:00Z,2025-04-21T00:00:00Z,784/UN11/KPT/2025,,,,,,Prov. Aceh,Kota Banda Aceh,Kec. Syiah Kuala,0,0,Aktif,Terakreditasi Pertama,-,,
1CPTYC_QdPZZEq7qcAhdXejc6-pEO3vpZ7kGjglscgtcMDkAkGy8lKac1u6WQs1GMhNAZg==,STATISTIKA,S1,INSTITUT TEKNOLOGI SEPULUH NOPEMBER,,meZ7U8GGhd3Gumii9OPDC89UhAjQQq83xTOAo_Mmjzgzt0sxVSLuZjgG7LdTT1FD_1pccQ==,IuM4SS4IBPowSdX7IjhkKXXulQRZ26bAPy0pBdQ0ODB6ALc_GUk89HagsFz3ythChP-G5w==,Institut Teknologi Sepuluh Nopember,002002  ,Statistika,49201,MIPA,S1,1996-07-11T00:00:00Z,2010-12-09T00:00:00Z,4801/D/T/K-N/2010                       ,031 5943352         ,031 5922940        ,www.statistics.its.ac.id                ,statistika@its.ac.id                   ,"Jurusan Statistika FMIPA-ITS, Kampus ITS Sukolilo Surabaya  ",Prov. Jawa Timur,Kota Surabaya,Kec. Sukolilo,-7.2853928,112.794625,Aktif,Unggul,Terakreditasi Internasional,,
qj48gCTq75zPS8xiWXngNewjl9plrfs_ARKQpMwnS48voWO53DcmCy94lfYlPhNnmeOjLg==,STATISTIKA,S1,UNIVERSITAS NEGERI MEDAN,UNIMED,SDr-tSnyXXENOv-w8SEwOMx14eiVbJKUu-3CNj0XWdjxd2A8zx-aEESHwCXvT_m-SggnCg==,81OBz8vpic0rUZXcf8FY2w9R9TVwh6Eo3xW2RVTkBDWa7zTOnInykNJxxnHbnn_F6Pyk5w==,Universitas Negeri Medan,001040  ,Statistika,49201,MIPA,S1,2022-09-26T00:00:00Z,2022-09-26T00:00:00Z,704/E/O/2022,,,,,,Prov. Sumatera Utara,Kota Medan,Tidak Diisi,0,0,Aktif,Baik,-,,
CV2R_gPOEw7htuZdLQ6TUXE00vvLbk5hmKOQ_94CObGD_2vIwvYl35yZbFvjHE4Cb5qzOg==,STATISTIKA,S2,UNIVERSITAS NEGERI MAKASSAR,UNM,VEF3SeauHYE4xvXcFype7oYETJ_yP5SHagpL3lpcL5KoRBHt1zllkB1hs78D5R9z22WItQ==,kIncBSGP5juhZwjOojHbeR3MuERqAjjrSlM8Fa10YIw6G2auocKwPcDSXTPilqC8HHFHkg==,Universitas Negeri Makassar,001036  ,Statistika,49101,MIPA,S2,2024-01-17T00:00:00Z,2024-01-17T00:00:00Z,123/E/O/2024,,,,,,Prov. Sulawesi Selatan,Kota Makassar,Kec. Rappocini,0,0,Aktif,Baik,-,,
l88WrbK5RLND5MkR_n5vs4aGcNQ-3W5N2KgrZ60XlGuL3tUr59NCxnD1AI8GDdhmvq_fVA==,STATISTIKA,D3,INSTITUT TEKNOLOGI SEPULUH NOPEMBER,,TvX_TgkIV0XU1sQGHdNCAGPK47NtTM9uv04hE9hR-yW3vL-pfOQbDOnh5thw7AqraZhHkg==,BHKySe4Cvj3AEMxoZNygTIuetXiRTl79lrsrqH2SUyj5T7jY9vcy0-lynqAnmURLxjwWgA==,Institut Teknologi Sepuluh Nopember,002002  ,Statistika,49401,MIPA,D3,1984-09-24T00:00:00Z,2022-06-23T00:00:00Z,939/IT2/ HK.00.01/2022          ,,031-5948757         ,www.statistics.its.ac.id                ,statistics@its.ac.id                    ,"Jurusan Statistik, Kampus ITS Sukolilo Surabaya             ",Prov. Jawa Timur,Kota Surabaya,Kec. Sukolilo,-7.285178,112.79465,Tutup,,-,,
YDG7ybt2lz1hDpt5Nq9fzxIjJKBcE5Y3q3mXctPHZTwc6fkCQUBhqlzseOEGuSehlnSXBQ==,STATISTIKA,S1,UNIVERSITAS NEGERI GORONTALO,UNG,ZOo2NTDOz8XXn3xPXAAuI-7FMjKaLSQc4vjTPARzZCy0zM87vybUqIq7-qSYi9cJ3eRNTA==,VDiDf1wISaJggSamzSq7j5qRv_aUXQyJKQs2HTK-aaTTJWuE0pHmSmuycJmuGm-165Kw9A==,Universitas Negeri Gorontalo,001047  ,Statistika,49201,MIPA,S1,2014-05-19T00:00:00Z,2014-05-19T00:00:00Z,114/E/O/2014,,,http://statistika.fmipa.ung.ac.id,statistika@ung.ac.id,,Prov. Gorontalo,Kota Gorontalo,Tidak Diisi,557.541,0,Aktif,Baik Sekali,-,,
wCYgIT5OiAXQ9AFHIE2qEgkfz5lTGGJuobwkidEzEuhOOZkWYhaeYCN_4qeNQL4jJQSNgg==,STATISTIKA,S1,UNIVERSITAS ISLAM INDONESIA,UII,bI1i_GJS2WBqqMAk8ffNcfs-2jyCWD6LeodLu5W91acoft6jKedIrhrmCMbP8q1nmldvCw==,R8j9KY7aCfw-r4Cy1ByOWnVWr3SMqsGXVqICrSLJMkWp1xSGNT2IJ-v7rj2HBTGlMwzUqA==,Universitas Islam Indonesia,051001  ,Statistika,49201,MIPA,S1,1996-06-06T00:00:00Z,2012-06-12T00:00:00Z,12355/D/T/K-V/2012                      ,0274895920 ext 3017,0274896439 ext 3020,https://statistics.uii.ac.id/,statistika@uii.ac.id,                                                            ,Prov. D.I. Yogyakarta,Kab. Sleman,Kec. Ngemplak,-7.6877889,110.4101143,Aktif,Unggul,Terakreditasi Internasional,,
RxWqhFgAYhR-h1FgA7h0yR08prOwGAz5EfVfuX8WPTfQ9Agtj-u7BQ4Nt2NjTV_HXUXK-A==,STATISTIKA,S1,UNIVERSITAS MUHAMMADIYAH SEMARANG,UNIMUS,u713Gjs28Jp6ue3zNnx866VKnNGLsLhcv907f8jKY5dQKEjhHjhCG6LRsi6NGC_Peup4UA==,PrMcgb5AgNjp9cGZGMCbo0AFyDrND0j40PdQuKQVx6PuXm1x6J6ihqIXhG3k4qB4sLfcUg==,Universitas Muhammadiyah Semarang,061026  ,Statistika,49201,MIPA,S1,1999-08-17T00:00:00Z,2011-08-22T00:00:00Z,8474/D/T/K-VI/2011                      , 6724957      ,024 76740291,http://statistik.unimus.ac.id/         ,statistika@unimus.ac.id,Jl. Kedungmundu Raya no.22 Semarang                         ,Prov. Jawa Tengah,Kota Semarang,Kec. Tembalang,0,0,Aktif,Unggul,-,,
RkxMGDHNK_JgH020ZUPubhAB3w4jOZHXPCx4MiamBL-C4cx8B-OhDI_hXgDd9KuF0qHRuA==,STATISTIKA,S1,IAIN AMBON,IAIN AMBON,LqIVAd3AHKe_U0BkouRUHfFcdDhHbK4a65sRd3atBEN5vQLeuoJmZ_RNAlaRchdepKKiFw==,sEZ0vl4QFcq_lJ50F0UULV6bz5NF_ULX355vaHw6TAwE7dYqB7Eyru7SO-USYKU3Vk5u7g==,IAIN Ambon,202009  ,Statistika,49201,MIPA,S1,2024-01-17T00:00:00Z,2024-01-17T00:00:00Z,129/E/O/2024,,,,,,Prov. Maluku,Kota Ambon,Tidak Diisi,0,0,Alih Bentuk,,-,,
fUMoXGWlxcDx8nqAGm1AToI7h0bHn-jpHdANlezT0K3J-yiJ19BGGuXE4P_YH70gdgbsfQ==,STATISTIKA,D4,UNIVERSITAS SUMATERA UTARA,USU,qCAbTqc7pnkQpTnpNeR6D2tqUoRejY0wtT8sSVvpB93DGATAxMgZ7JlMWaxqduXRyXg54w==,bxq3rkEbbu85v2UVJp_DNeqWs5N69ukHBJvWyJfLwqlo3ngBdTvmZxxicMBPDbl8sLNU9w==,Universitas Sumatera Utara,001003  ,Statistika,49501,MIPA,D4,2023-12-28T00:00:00Z,2023-12-28T00:00:00Z,4922/UN5.1.R/SK/PRS/2023,,,,,,Prov. Sumatera Utara,Kota Medan,Tidak Diisi,0,0,Aktif,Baik,-,,
fzL9Uri8MpqYs3r0ts_STdgxP3Is7iW1GvEQsW3SZrqxnyNoAbzKCKycg2t5kE7lu-Q0kg==,STATISTIKA TERAPAN,S2,UNIVERSITAS PADJADJARAN,UNPAD,7fFeKFvV1wIm7rp10bljwxQQecqzpjwo0xUd_wkmYhXKgIkfutg9iVPHOeR9qGMQuDuQzg==,Q0QLrafs22sVhNgM3QBKhVwnmnqxW9ItuRq-DZ1sTwf8KQgL4AmibrtmImA_uagRHg-H0A==,Universitas Padjadjaran,001007  ,Statistika Terapan,49101,MIPA,S2,2007-01-18T00:00:00Z,2012-03-22T00:00:00Z,11225/D/T/K-N/2012                      ,022-7797712, 022-7794545 ,fmipa.unpad.ac.id,fmipa@unpad.ac.id       ,-,Prov. Jawa Barat,Kab. Sumedang,Tidak Diisi,-6.894382,107.6172266,Aktif,Unggul,-,,
l9hpEzWtQFIISfAnqTWz0N1gIRNYPELgz0dBS9lyLRZQXiwFyaQeMtF38jpexwYkej4vrw==,STATISTIKA,S1,UNIVERSITAS SULAWESI BARAT,UNSULBAR,uqN3tWCH3KHyydafD4Ar99yqT5sp2ttbqT4S0dzD8uk9Ld1eExTiZHjwApt860LFm8xYzQ==,c50Ej1j066Vj3B7SmU9f-aSbQLMGnbj5ZN59SJ6qhIq5pp_LMAQIEgNQXL01R1uxJDMAHQ==,Universitas Sulawesi Barat,001054  ,Statistika,49201,MIPA,S1,2020-02-18T00:00:00Z,2020-02-18T00:00:00Z,264/M/2020,,,,,,Prov. Sulawesi Barat,Kab. Majene,Kec. Banggai Timur,0,0,Aktif,Baik,-,,
2jm_gJx24hm8FUsB0fl9VOkoPZSE40ZNLjNpq-1VdX4OyWwTMHZ6eoujWBKJq0oaWW5W_g==,STATISTIKA,S1,UNIVERSITAS SYIAH KUALA,USK,QEAzU0wonvE-QEFTBRYMB13Zc8MRpzoMTZG4I9EBdqnq0Mun2i3CdQ0wYh2_MJKlrn9ezQ==,D-FmUh-0XTQZskc79aPWxl9fMT9iudn0x2rsRCMH0AeUtuwtFhNHtdSpxjQ8i5-RigVFxg==,Universitas Syiah Kuala,001011  ,Statistika,49201,MIPA,S1,2012-08-24T00:00:00Z,2017-01-05T00:00:00Z,10/KPT/I/2017                        ,06517551819,06517551819,www.stat.unsyiah.ac.id,statistika@unsyiah.ac.id,-,Prov. Aceh,Kota Banda Aceh,Kec. Syiah Kuala,5.33588,95.22014,Aktif,Unggul,-,,
Jhy2yAg2V-SjN9ZJp5sQaD0H3qN-OgJ2xPHCqfXBT3tf61do0gEpz1cIy390geevxKIHXQ==,STATISTIKA,S1,UNIVERSITAS SAN PEDRO,UNISAP,cYRwux2mW4XEv1XPZzoUvgv2n42cTLLe9XqtN3L8TEBzY9QEza52fEzGFMO2taY-YxOycg==,Jp7QEp8gzErkHuiyA5qOamtEJp3Xnpx6ecQ3JZyawPce6tspxdG_ffXGxPXmAHtrSQc-JQ==,Universitas San Pedro,151011  ,Statistika,49201,MIPA,S1,2016-03-10T00:00:00Z,2016-03-10T00:00:00Z,115/KPT/I/2016,(0380) 8439786,(0380) 822990,www.sanpedrouniversity.ac.id.,universitas.sanpedro@yahoo.com,Jl  Kenanga No 1 Kel Naikolan,Prov. Nusa Tenggara Timur,Kota Kupang,Kec. Maulafa,-10.159044,123.612818,Aktif,Baik,-,,
-wZ1QHBbUkHIMlO5iF0O2oN6apuu8NfqOvwtOQOy8tO-h-h4SGkU95Q0hj2h9HInqo36yg==,STATISTIKA,S1,UNIVERSITAS SEBELAS MARET,UNS,K0fGPVcpvXDa8ZE3qNVCgWA2sbTwzcDDHf33nmJSXJHWE-g9qX5BfKNrr4j68JKmxgErtQ==,49nqHwJF-yrsKjgu2bBqvrW3RQQeEiuoPVifKQczgv-Tdsk7ORMdPgQBWJ7e2R05MOW5MQ==,Universitas Sebelas Maret,001027  ,Statistika,49201,MIPA,S1,2014-09-17T00:00:00Z,2014-09-17T00:00:00Z,419/E/O/2014,0271663375,0271663375,https://statistika.mipa.uns.ac.id/,statistics@mail.uns.ac.id,"Jalan Ir. Sutami 36 A, Surakarta",Prov. Jawa Tengah,Kota Surakarta,Kec. Jebres,0,0,Aktif,Unggul,-,,
FSxgxlf5NByHMyxEgFzXmL3nsIxtl8010NjhXOdHcyR3_gXMo3HWrU-GSbknB0YLOzcbWw==,STATISTIKA,S2,UNIVERSITAS ISLAM INDONESIA,UII,cjcMW4aqzNdUv7bAtvdV0ZbU15PzT0Z-U1NsgRcQijRsJFGr94tIOAUXvtYSvZzJrhyA2w==,UcvuW589AlF_fuzd2SyYyliY20Hb3ZdxCx-1N-xSmCObkUMSZg88MLPfKYz3bYOkSzwMjw==,Universitas Islam Indonesia,051001  ,Statistika,49101,MIPA,S2,2022-09-20T00:00:00Z,2022-09-20T00:00:00Z,699/E/O/2022,0274895920 ext 3017,0274896439 ext 3020,https://statistics.uii.ac.id/magister/,statistika@uii.ac.id,,Prov. D.I. Yogyakarta,Kab. Sleman,Kec. Ngemplak,-7.6877889,110.4101143,Aktif,Baik Sekali,-,,
qrB25rFG81OXI9lk564VchW-pVVdYf3oygobzO2gbxXSDCVU62J02vflCUfTZFxuBE_D3A==,STATISTIKA,S1,UNIVERSITAS LAMBUNG MANGKURAT,ULM,wt92WXd9KpzVxdzSl54V4B29MCY4fYrnXRPL90VjfpOcb9mzTl3XHqu0W4irnHBrFfflEQ==,UZukL_Sl6ANht_TQGtmPwQBzAg_cjCg54eKpKTh0RxOHk3zjcgrdpVNUiMsM3pRQO9K0rg==,Universitas Lambung Mangkurat,001010  ,Statistika,49201,MIPA,S1,2017-06-13T00:00:00Z,2017-06-13T00:00:00Z,354/KPT/I/2017,(0511) 4773112,(0511) 4773112,statistika.ulm.ac.id,statistika.fmipa@ulm.ac.id,,Prov. Kalimantan Selatan,Kota Banjarmasin,Kec. Banjarmasin Utara,-3.4474613,114.8441583,Aktif,Baik Sekali,-,,
ZSx8YGW1oJ0GZmbm1y4SDb2xG_lqiWeiNEPf5im3-lpstadWvrtLE-7LWQcgWHuG7LVM6A==,STATISTIKA,S1,INSTITUT PERTANIAN BOGOR,IPB,I-BhczcceEPR4e-rvt9zOi5YOCHqJsCElzrTBK5hyvA82LkBcXemjIfnIKS3yUUciMVRDg==,P6eWn8AmPrpuBORuW-FCSXLg5YPMagIzHnpBwozBVnUKsvkOpQ--3Wy3EqXPO904o_GbiA==,Institut Pertanian Bogor,002003  ,Statistika,49201,MIPA,S1,1990-01-01T00:00:00Z,2022-11-10T00:00:00Z,265 Tahun 2022                 ,0251325125          ,                    ,                                        ,                                        ,                                                            ,Prov. Jawa Barat,Kab. Bogor,Tidak Diisi,-6.557944,106.731087,Alih Bentuk,,-,,
aF8zjhWGQDdOOVurMccLCr_2hcv5mKRP_M5BJeyIpQgGWpG98wQoogAZV3uE5AvB3-gjwQ==,STATISTIKA,S3,INSTITUT PERTANIAN BOGOR,IPB,UouLG0-w_iDjVwvfevbaPntTdBPEXUF9a5Bwnut3YPEi5u7rONC-TQLgxQuInuSQCDaoSA==,j1M4CRzLJeKwIsCBne2Gpcd5F44k5EkD8J65OF5XZ4lSyttlr3Qv_LPr0ULid6BgN8_l0A==,Institut Pertanian Bogor,002003  ,Statistika,49001,MIPA,S3,2007-11-03T00:00:00Z,2022-11-10T00:00:00Z,265 Tahun 2022                  ,622642              ,0251-8624535        ,http://stat.ipb.ac.id                   ,statistika@ipb.ac.id                    ,: Jalan Meranti Wing 22 Level 4 Kampus IPB Darmaga Bogor    ,Prov. Jawa Barat,Kab. Bogor,Tidak Diisi,-6.600261,106.806698,Alih Bentuk,,-,,
_hwL_YpH5Y4ohDb4lAFlhMRAuNuKkBB7AJW5t52N4PBfabn8CgILeTrAAxJ9AvznpURGWA==,STATISTIKA,S2,INSTITUT PERTANIAN BOGOR,IPB,c71JPY51L7974AQCzTH9f_YQ6UpgyfUMv3YOS-9VKQZRvobEQhRDrH3ZlB4wLvnBCzuB3g==,3jRr3CdJhBFkwjFn3R-sVSfPjbm3Y4cL9SnR_OVzmRLf-EiLkpnaabhZmZhAzdhCQ1q0FQ==,Institut Pertanian Bogor,002003  ,Statistika,49101,MIPA,S2,2007-11-03T00:00:00Z,2022-11-10T00:00:00Z,265 Tahun 2022               ,622642              ,: 0251-8624535      ,http://stat.ipb.ac.id                   ,statistika@ipb.ac.id                    ,: Jalan Meranti Wing 22 Level 4 Kampus IPB Darmaga Bogor    ,Prov. Jawa Barat,Kab. Bogor,Tidak Diisi,-6.600124,106.806632,Alih Bentuk,,-,,
5ehnKguGsEcTEQ8oiylgvEeyNB5lAjX-PqQO0CmZeGUuVn0D350l2O1dTVbMFMKHZwbYSA==,STATISTIKA,S1,UNIVERSITAS PGRI DELTA,UNIPDA,tiZK4Sehog35AjTmJ79S1TH_45Qp7dVZWrESGjcjw4whxcuEm0SFP-psafdh1pXbmMkKgw==,emtGFk-m3AUnrF7COQTOxeEhDCW1lOi1dDjOiIp44onu4dX_yMrvVimSDdXlKybhYohmyw==,Universitas PGRI Delta,071118  ,Statistika,49201,MIPA,S1,2024-01-31T00:00:00Z,2024-01-31T00:00:00Z,146/E/O/2024,,,,,,Prov. Jawa Timur,Kab. Sidoarjo,Tidak Diisi,0,0,Aktif,Baik,-,,
Bp9WfnQyJeuqU1W-CoMjotZWi2CyGBmN4gqWvc5QmJQZKkmEtChQtLfyYTaFHs9JCmFhag==,STATISTIKA TERAPAN,S1,UNIVERSITAS GAJAYANA,UNIGA,Ig686p3n3W12JPdYVGOXQpgfVtRm_3F7YXuvUwwc-JSToU70f8ISZ0NouV8k2kXDUtNIyQ==,TsNXDfUQE5uWS3KKLEqOjcWX839_tKtP4R0ILH1qQ2p3HW3B3pLNSajI0vnJrMXi3ZyQGw==,Universitas Gajayana,071051  ,Statistika Terapan,49201,MIPA,S1,1987-11-14T00:00:00Z,2015-07-31T00:00:00Z,468/M/Kp/VII/2015                     ,0341- 562 411       ,,,uniga@indonet.id                        ,-,Prov. Jawa Timur,Kota Malang,Kec. Lowokwaru,0,0,Tutup,,-,,
VIHFJe6Uve_CPcjapu2xkmUKwUaYKnAbBSYMz6kp_8kjDOzMdBj_c3vQxzFTwYvHtvkaOA==,STATISTIKA,S1,UNIVERSITAS HALU OLEO,UHO,4xV48NNuUgwKKTCyQaWmwT2HiiXsJ_JpAMdxaYnQF3nChl4GKw-Xj7u-HxqznKjz2eWxpA==,k8OAVoyQhVhh_bmkxYkqvBeEf_Bt1ooerYZv0zqOJ7QUalSbYgZoVBgg0OFOGZk3W8np5Q==,Universitas Halu Oleo,001029  ,Statistika,49201,MIPA,S1,2017-02-08T00:00:00Z,2017-02-08T00:00:00Z,133/KPT/I/2017,0401391929,040139049,http://fmipa.uho.ac.id/statistika,statistika.fmipa.uho.ac.id,,Prov. Sulawesi Tenggara,Kota Kendari,Tidak Diisi,4.01534,122.311934,Aktif,Baik Sekali,-,,
KzZ8EhTX_oN_DT_tVWCdZVoBEJ97jRX8WQ0biDPvddiizzfBmNW_yv2W7qhiAAL7am8Y0Q==,STATISTIKA,S1,UNIVERSITAS NEGERI JAKARTA,UNJ,EfyK3FFpxhsWl7cYr6bMFV_viGJxm5lVidQywfw1Pz-6JtZIWKFsa2Gya6cQY5SwcPArhg==,6WLP4u8FSxYE1YxWoj00L76UavhyZOwneMgTHTEHyy7wk1ZxMiHQ0KaDZ8hW7W-QcfoBPg==,Universitas Negeri Jakarta,001037  ,Statistika,49201,MIPA,S1,2016-01-20T00:00:00Z,2016-01-20T00:00:00Z,52/KPT/I/2016,021 29266281/82,021 29266281/82,http://fmipa.unj.ac.id/statistika/,statistika@unj.ac.id,,Prov. D.K.I. Jakarta,Kota Jakarta Timur,Kec. Pulo Gadung,-6.1950164,106.8785244,Aktif,Baik Sekali,-,,
KDL5SV1868E34BIb5m73GGjDeQkZIBZbix9jwM_VBBJznRJ4EROAcmZv5yuAQ8PBCpHAeA==,STATISTIKA,S1,UNIVERSITAS NEGERI YOGYAKARTA,UNY,sL6l_e-8IRzgQm2lZlG96LWa6nYpmt5J0dgsAbY9Uih-8iwXczNVwAuZZ2pMGbZ9xPMQzg==,qU5ILHDweLIuGUmhcAljVKgJSWYleHr64YdSziTFD-9gV74oD9uVO1u8LRnVQGFREsCM2w==,Universitas Negeri Yogyakarta,001038  ,Statistika,49201,MIPA,S1,2017-06-13T00:00:00Z,2017-06-13T00:00:00Z,335/KPT/I/2017,0274 548203,0274 548203,http://fmipa.uny.ac.id,,,Prov. D.I. Yogyakarta,Kab. Sleman,Tidak Diisi,-7.7745171,110.385716,Aktif,Unggul,-,,
CKFThHNqgZqXeLJfuSOnmVNtk77Ja5qdtXtA2O3PHrLOsWA9gfx675AwGiOps0V77WpgIA==,STATISTIKA,S2,INSTITUT TEKNOLOGI SEPULUH NOPEMBER,,qoVn6iRCb8slGG9qCNxi0jmqAxYdzZ0mTh6M5cipfy01G35hQO1Tm5v8oQmPF6UwusrbTw==,wBYJFrfqMjzLVsHHmCQ51XrqCKWOObH7sS6ZViJu9IDt8u-fYCZzT5jKOo45zh4NAu_ZDQ==,Institut Teknologi Sepuluh Nopember,002002  ,Statistika,49101,MIPA,S2,1999-05-24T00:00:00Z,2009-12-09T00:00:00Z,4007/D/T/K-N/2009                       ,031-5943352         ,031-5922940         ,statistics.its.ac.id                   ,statistika@its.ac.id                  ,"Jurusan Statistika S2 FMIPA, Kampus ITS Sukolilo Surabaya   ",Prov. Jawa Timur,Kota Surabaya,Kec. Sukolilo,-7.2857865,112.7939527,Aktif,Unggul,Terakreditasi Internasional,,
yev--TnNmclmNYVImRSutxBa55QZrxCF16h1bS_CneparLc20QpFe71V9GNIGL0yLN7apQ==,STATISTIKA,D3,UNIVERSITAS HALU OLEO,UHO,m_AU5YlmBAO1IZAJFLOOGc5Uhmjz3gK1ondvQANMuuNiN7ib4y9jrIccQ9bivhOcR3HlOA==,HzG9pljwfN17ll1o_xcUCKVHynHZ4LxkcKsm8N2HpM85qgxH8rpCn1MipzPfLB1Zu5MSKA==,Universitas Halu Oleo,001029  ,Statistika,49401,MIPA,D3,2006-02-24T00:00:00Z,2011-01-11T00:00:00Z,5163/D/T/K-N/2011                       ,0401 391929         ,,,d3statistika@uho.ac.id         ,-,Prov. Sulawesi Tenggara,Kota Kendari,Tidak Diisi,0,0,Aktif,Baik Sekali,-,,
qPU0_r6vmldhCARBbAf3uCXs09Fm9fl6DuidmVyGyOdn0pbV6xjnf2aMT8slcVx1GsHMZg==,STATISTIKA,D3,UNIVERSITAS NEGERI PADANG,UNP,cP3-cZnRuNt_M0ZDZDl0T2jy1ztwIwf2klDhwYdeH7uYdx8xy5lCK_lrGddXv7XzY_f-QQ==,i8CyxDQjhMaZ2BqN6JnBYYD9wqy2udoe4SaveZQK6rW_1iEaZFt3Ao-osjm0dnyu-7ycdg==,Universitas Negeri Padang,001032  ,Statistika,49401,MIPA,D3,2007-07-18T00:00:00Z,2013-01-24T00:00:00Z,14275/D/T/K-N/2013                      ,0751-7057420        ,,,                                        ,-,Prov. Sumatera Barat,Kota Padang,Tidak Diisi,0,0,Aktif,B,-,,
-fk7nrstNfMusuyt-OiZpkOpsMUckKEhOXuzuAtAbcPu7RbGyNIG11cTsnCnKqwEZN5zqA==,STATISTIKA,S1,UNIVERSITAS JENDERAL SOEDIRMAN,UNSOED,Wib8J-r1OMrDIB2UT5T2K2tRYyN9mB5Yku3sLORbTarttrmKxGcgX-1lenv21O9l6QF1-Q==,BWtrqKSSGkmz7RNzzbh1MtZYF69uAi0NdfPUWt704HbTqWQdWZVj4qWpr0YN2qVNVsRvpg==,Universitas Jenderal Soedirman,001023  ,Statistika,49205,MIPA,S1,2023-12-28T00:00:00Z,2023-12-28T00:00:00Z,997/E/O/2023,,,,,,Prov. Jawa Tengah,Kab. Banyumas,Kec. Purwokerto Utara,0,0,Aktif,Baik,-,,
FNiM_HNoeebusEQqIjGL_82lj5cclXuAMTUH2obDkav157f_I7rzyqkP5vVzrohzMh7-HQ==,STATISTIKA,D3,UNIVERSITAS SUMATERA UTARA,USU,kbqnwWERwj3x1RqxVOm649NnYtQBjF4mBLQZAKJGFQryD0V8p9kXXC_HxL44YWKEpQLtdw==,WMro0jwGaJboMjK_ad4Xv4DMf8y707DgHixwDuZX0Q_KEQ4gA-a6Sl_h07YCTzMktnzJww==,Universitas Sumatera Utara,001003  ,Statistika,49401,MIPA,D3,1960-11-11T00:00:00Z,2011-08-22T00:00:00Z,8428/D/T/K-N/2011                       ,0618211050        ,0618214290,dipl-statistika@usu.ac.id,statistikad3fmipausu@gmail.com                              ,-,Prov. Sumatera Utara,Kota Medan,Tidak Diisi,-6.437989,112.2367266,Aktif,Baik Sekali,-,,
ssTO9OYnRqubSZbLHL-Tl-CNKb0T6D9o56sQ_S1emE4iberT3Le469ONJMT_kddp1p1Oeg==,STATISTIKA,S1,UNIVERSITAS NEGERI PADANG,UNP,PBukJquu0jMC1BuolPENCddw0M0c1BUa_V90Ew8xiIhSROtPJ8Gv6ECia5p-DrBLKd-BPA==,aTkoUalg3xqQafoU83c3PwiOlRcNPQF8YSBk1et5p9O00McT2LktozRW-f5v_FsOIpUn9Q==,Universitas Negeri Padang,001032  ,Statistika,49201,MIPA,S1,2017-11-16T00:00:00Z,2017-11-16T00:00:00Z,648/KPT/I/2017,,,,,,Prov. Sumatera Barat,Kota Padang,Tidak Diisi,0,0,Aktif,Unggul,-,,
91Jl7NYOAl5y7_Q_8Ag1pC3Uo7NGerY_CqLGsav04nxIMayEdvco9lnSqLCQUBFlJNUYcQ==,STATISTIKA,S1,UNIVERSITAS NEGERI MAKASSAR,UNM,BQPZtUGC4Hr8IUEYT_LFooB9SoPA8TOc9IXrDjfsc70KxtqfNfPdsNE-U_pKy3kkmxxqvg==,PNqwYW9v8r-Jk8QckMwsEhC2_-WxR0bHOqyh3zxtxvgTf-oEJL55l341O1dHPEVJMIsxZQ==,Universitas Negeri Makassar,001036  ,Statistika,49201,MIPA,S1,2014-10-10T00:00:00Z,2014-11-10T00:00:00Z,473/E/O/2014,,,http://statistika.unm.ac.id,statistika@unm.ac.id,,Prov. Sulawesi Selatan,Kota Makassar,Kec. Rappocini,0,0,Aktif,Unggul,-,,
s5X6BIUczCdZ_fJn5LGuoP08ww01BOz5XsbD8-oUFmJ1ORUzTAXOAIhWfiaZ9s2CB5kJMA==,STATISTIKA,S1,UNIVERSITAS GADJAH MADA,UGM,PU8PK9o_B5gHI7TdhYD7RWPunwT_kQZvV8ffP_I4YxIyyLlamxw6iUci5LbxTyuWzNiekg==,WaaHiQo0n-XVCvcgyALVV4Umm9OwfG7H4f184_5MPjkeDDAtsLlp0-HD5GQNV_9ppr9w-Q==,Universitas Gadjah Mada,001001  ,Statistika,49201,MIPA,S1,1995-07-25T00:00:00Z,2014-12-03T00:00:00Z,938/P/SK/HT/2014                      , 0274-552243,0274-555131,https://s1stat.fmipa.ugm.ac.id/id/, stat.fmipa@ugm.ac.id               ,-,Prov. D.I. Yogyakarta,Kab. Sleman,Kec. Depok,-7.7669193,110.3767902,Aktif,Unggul,Terakreditasi Internasional,,
81-ANCPlZRmWzgYf7tLapKgTuejUF7VwdteaA4zyRAz4-7ToyMgwM7PyiSHmTQoMnhR8CA==,STATISTIKA,S1,UNIVERSITAS BINA NUSANTARA,UBINUS,r_gBOZTu1Bf_4R7atTuJAwWuZEVR0N1L2zp4ZHpUFso_3KrgRu5KdIt8qZ5pWQPazZ0sPw==,ZZZJwAWYd6kPyn85qYYecXTuv8jxp1WcGE3Hfj1jaanDrbNxuiDm_8hqq6V1sG-3AxZg9A==,Universitas Bina Nusantara,031038  ,Statistika,49201,MIPA,S1,1996-08-08T00:00:00Z,2011-05-12T00:00:00Z,7023/D/T/K-III/2011                     ,0215345830,0215300244,https://socs.binus.ac.id/ ,dsuhartono@binus.edu,JL. KH. SYAHDAN NO. 9 PALMERAH,Prov. D.K.I. Jakarta,Kota Jakarta Barat,Tidak Diisi,0,0,Aktif,Unggul,-,,
AEAgPdcs9nSwcceSIHZdnRCrR2Ieakf99md8tkwApEyUzZEZHSMxtzRbFpCnLbFL_xm76Q==,STATISTIKA,S1,UNIVERSITAS BINA BANGSA,UNIBA,TVpbp9ydjtx6LoDZD9A40ppJF2Svw7iRRPwauE2FlfdxdSphdHb004vpY5gcKJ7QDDsfzA==,n7t85LuL93_E8JODg_N_BxNTOBiuR3zkP4gM6jyWg4FDx3OFmp_hXF8Kb0n3bqgGe7UsOQ==,Universitas Bina Bangsa,041065  ,Statistika,49201,MIPA,S1,2017-10-02T00:00:00Z,2017-10-02T00:00:00Z,553/KPT/I/2017,(0254) 220158,(0254) 220157,http://binabangsa.ac.id/,prodi.stat@binabangsa.ac.id,Jl. Raya Serang-Jakarta Km 03 (Pakupatan),Prov. Banten,Kota Serang,Kec. Cipocok Jaya,6.120278,106.1886,Aktif,Baik Sekali,-,,
UX-xGHixcg5-LwmHZLcvUL38vlQgMjFwureWphZYZeptri6SPD2h8LE-fXOssM43pf-dqA==,STATISTIKA,S1,UNIVERSITAS SINGAPERBANGSA KARAWANG,UNSIKA,HVdxCh_3tcyN5leQf60TcWLL1FFyeN-0cfRpZ9EJ7TbfHLnDPw2XzQGDviD2a7SC5kfNiw==,uXyA5hoO9i6klUMMNcZKLYnUzMo-ubiTCMa2kwv5jN4rW8x9CtEe6QtHR_NZ_-YFzSIh7A==,Universitas Singaperbangsa Karawang,001063  ,Statistika,49201,MIPA,S1,2025-12-22T00:00:00Z,2025-12-22T00:00:00Z,1162/B/O/2025,,,,,,Prov. Jawa Barat,Kab. Karawang,Kec. Teluk Jambe Timur,0,0,Aktif,,-,,
eZBJor3LZhmJBQPDuVcFA3dtU-mB9ZvsITr7vKH22eML205cpHayn2FT84VZlynA7rBLDg==,STATISTIKA,S1,UNIVERSITAS YPPI REMBANG,UYR,eLtLfVs9gb4M3v2UbPsVnYY7--JdT6e_Z8GGeYhK4Bcmt2UbNB2GKn6-N3pNf7Mt4W3FhQ==,6zd8Qz1tR_A_BjOnzbYfPFRBf5GA5CNCRicEtu-i5zLXmGv9ykFfyWaD-cDFWJpfCo-DFQ==,Universitas YPPI Rembang,061069  ,Statistika,49201,MIPA,S1,2022-04-08T00:00:00Z,2022-04-08T00:00:00Z,261/E/O/2022,,,,,,Prov. Jawa Tengah,Kab. Rembang,Tidak Diisi,0,0,Tutup,,-,,
Vfq1qCEakS280J7amvHJ9bTTvF0yfK4JXTC1rc94eRjfuUAGF5Dnqnsx8FvnGq8-2s-U2w==,STATISTIKA,S1,UNIVERSITAS KRISTEN INDONESIA TOMOHON,UKIT,L2u21rrVOPtb-UZRU62Fw8ajwnCSzT4YE1FJShjpxvUT6gAnY8K_cXxvq2CtSfa-Bzua0Q==,4D1WXeYc-oxhW4_uB7mwu1cBKTOJ8ugNRVYbZiIbQnNYZBxg-RYzmt28E9Ij7s0KQGNF3Q==,Universitas Kristen Indonesia Tomohon,161001  ,Statistika,49201,MIPA,S1,1965-02-20T00:00:00Z,2004-08-25T00:00:00Z,3371/D/T/2004                           ,081944081375        ,0431 356852         ,           ,ukit.gmim@gmail.com,Jln. Raya Talete II Kampus II UKIT - Kuranga                ,Prov. Sulawesi Utara,Kota Tomohon,Kec. Tomohon Utara,0,0,Pembinaan,,-,,
hmZ_PJemzm7vXakqhC9ncqAyF7mzaMWkLw9o1egFmOiaLu3r8Ku4ZW7NpwhoOm5ncXTI1A==,STATISTIKA,S1,UNIVERSITAS SULTAN AGENG TIRTAYASA,UNTIRTA,rUMDfxYZ6XZQLNZwHf8SMVkoHefnCidIUK62-DKcwu61W-yKvSfQTlyIUNSNrq5KMGGfjw==,j04rkzz8SSOMcHLZC8L4NkTdcjKzJ1nqYmwGY3WUaUxqwia4PbI0-ZgMZU8NS024bHIYLQ==,Universitas Sultan Ageng Tirtayasa,001042  ,Statistika,49201,MIPA,S1,2023-03-20T00:00:00Z,2023-03-20T00:00:00Z,301/E/O/2023,,,,,,Prov. Banten,Kab. Serang,Tidak Diisi,0,0,Aktif,Baik,-,,
crUcDE2xNm1zCX7qUgo8zxtqBiRE-9-Y8g28hualjHgmmTNnzZeLYLXT4vX1NTsSqyow7Q==,STATISTIKA BISNIS,D4,INSTITUT TEKNOLOGI SEPULUH NOPEMBER,,x6RplIlk0Y08YSiZazdt0XelOw4Lt2ElLosd9r7GqiJMiY4VySbExFJko4-Xhn7323cuMA==,WBI-pcuq0np-2o3gBoqi21y7ZzGKCBt3JIbSI0cuqCapoYxahpdcMRDtX95tds9lGW-7aQ==,Institut Teknologi Sepuluh Nopember,002002  ,Statistika Bisnis,49501,MIPA,D4,2019-01-23T00:00:00Z,2019-01-23T00:00:00Z,0267/IT2/HK.00.01/2019,031-599 4251-55,,b-stat.its.ac.id,sb@its.ac.id,,Prov. Jawa Timur,Kota Surabaya,Kec. Sukolilo,-7.2782789,112.7926785,Aktif,Baik,-,,
o_sxr9vyXLqy9LQI4JEb5stlq714oTPVZ3q7GSwmUVZO7iMbDVV9PZDcoEkypoO9JIA_Pw==,STATISTIKA,S1,UNIVERSITAS AKPRIND INDONESIA,AKPRIND UNIVERSITY,QqoTixie_CP81Tv6iKvSL6n0-kKmPed1erZlq2VT_jD87KMjCBU2rU86m0pbmZnne9YMOw==,PSN_CLgjhFEm76LOIuxotJ4wepCmIOslyXmjq2_haA2S0EgRpbTswR8gdqBfen4JooMJ5g==,Universitas AKPRIND Indonesia,051031  ,Statistika,49201,MIPA,S1,2024-02-28T00:00:00Z,2024-02-28T00:00:00Z,217/E/O/2024,0274563029,,https://statistika.akprind.ac.id/,,,Prov. D.I. Yogyakarta,Kota Yogyakarta,Tidak Diisi,-7.784628,110.3858084,Aktif,Unggul,-,,
WZRKP9xkIcPYA1yDcIlmz7qJ-GeDJBn4cFGXlYZfs1R5882WcWqWrKFPixj5jVfPXRtdHw==,STATISTIKA TERAPAN,S2,INSTITUT PERTANIAN BOGOR,IPB,kSKnURj5aZOFIM-p-L35lR-moe_4Do-G6j2HIP46ayHnHK8h9Av8ZUMLGDYeJmYp-txHAQ==,3L_6JMhbhjspbOm3OefuCWbwDWRRnKPHfUoYcj43rvVtD2faCEGjlwc8hx8nGV7yQzxvHA==,Institut Pertanian Bogor,002003  ,Statistika Terapan,49102,MIPA,S2,2007-11-03T00:00:00Z,2012-12-28T00:00:00Z,253/IT3/DT/2012                       ,0251-86245535,0251-86245535   ,stat.ipb.ac.id           ,pasca.stk@apps.ipb.ac.id             ,: Jalan Meranti Wing 22 Level 4 Kampus IPB Darmaga Bogor    ,Prov. Jawa Barat,Kab. Bogor,Tidak Diisi,-6.600124,106.806632,Aktif,A,-,,
Ll41qsRaEyAiE19MnUg9jU4nTnr4kMQ4NsTeTS0J2EE5whRI8V0g40CLHbbqHV4sFldLsw==,STATISTIKA,S1,UNIVERSITAS NAHDLATUL ULAMA GORONTALO,UNUGO,2DEqCjJDv1a3qD9hsNr2fxC0EbTe_D6oPGx-it6TdYFr9z2DYDsgQh0oS-DxC5gWVT_NKQ==,K7Wzi_lKgK8OFEBm12VBK1p-vUW-PQtQDB18HyBqtlFVnRBvsfIBs2bXelnXkA5AqNSCiw==,Universitas Nahdlatul Ulama Gorontalo,161020  ,Statistika ,49201,MIPA,S1,2018-07-19T00:00:00Z,2018-07-19T00:00:00Z,582/KPT/I/2018,,,,,,Prov. Gorontalo,Kota Gorontalo,Kec. Kota Timur,0,0,Aktif,Baik,-,,
X3nC03QJwJmDAb0716oQkc5KxzDevB-0tK-XePWKOuZZnkaHzMPMCnhn2Jhxs9JHL1bdFg==,STATISTIKA,S1,UNIVERSITAS NAHDLATUL ULAMA SUNAN GIRI,UNUGIRI,aPQOY2tGjvcMO1xQeq38xaz4B-YKOQ5kxFiwAG50H-4M3UpKcFMA2qr_FS4P6CAfrlKJGQ==,vCg8d1GpinYtLOXKTkvVkA6735UpKs1fs-swIqCkPCivVRVx2T0EvUleTDAgotzl3Ftm2A==,Universitas Nahdlatul Ulama Sunan Giri,071088  ,Statistika,49201,MIPA,S1,2014-10-17T00:00:00Z,2014-10-17T00:00:00Z,583/E/O/2014,(0353) 887341,,statistika.unugiri.ac.id,statistika.fst@unugiri.ac.id,Jl. A. yani No. 10,Prov. Jawa Timur,Kab. Bojonegoro,Kec. Bojonegoro,-7.1679385,111.8929638,Aktif,Baik Sekali,-,,
4ex21xocQwVjWSVJPrsA2AbbWJWA0ffiwmu9uSf-ipEdFarI4epYVdSojhFwvvpTqjUZKg==,STATISTIKA DAN SAINS DATA,S1,UNIVERSITAS ANDALAS,UNAND,1Wvmf6TX9KYFvAKsv8AETxdHb-0mXV43KkfvdJiKOVbWljhmSh74tIzPPduGNPH6HPLqqA==,L6G0TcVn5kn-i0HQ-ZzDppnro_3QHe6wUvEgrNUsaYhPoPH9l-u-nbFq3CfDkOOeIZWEHg==,Universitas Andalas,001006  ,Statistika dan Sains Data,49205,MIPA,S1,2024-12-23T00:00:00Z,2024-12-23T00:00:00Z,3181/UN16.R/KPT/I/2024,,,,,,Prov. Sumatera Barat,Kota Padang,Kec. Pauh,0,0,Aktif,,-,,
nU28Qlnfcgs55PUOH3NCDsveV8gW_TtsKre6wM3ZcVIglX_1mGa-nbU4gaUWVuxt4D33rQ==,STATISTIKA,S1,INSTITUT SAINS DAN TEKNOLOGI PALAPA,ITP,nMQbWM45sjq695a1sCp9jSbZ0HMqRpSDmKz8ifhm3lApHyPec1BemCEDoMcVHEkcOwJWBw==,_uqQEh-r6YSUudcrDHWDGuWUT0ZOtNHhZrjKnSsBI1HEg24GdiXivGujrFTaboAESfIO8w==,Institut Sains Dan Teknologi Palapa,072013  ,Statistika,49201,MIPA,S1,2000-12-16T00:00:00Z,2004-02-10T00:00:00Z,524/D/T/2004                            ,0341 582134         ,,,                                        ,-,Prov. Jawa Timur,Kota Malang,Kec. Lowokwaru,0,0,Aktif,,-,,
itmbr4ugfdMzzsTmF0m2qYdS6WCsboxycajTo8wqy5fKAKJU5bzcTwSZEJxD4Xg4wHn1QA==,STATISTIKA TERAPAN,D3,UNIVERSITAS BIMA INTERNASIONAL MFH,UNBIM,TPwSgI9gjAXvHgE7BZr1AGgnc4bDCbkYrSH23h3PCYKiwhyvqJ6aWyEeiYO3ELNn0Yw5aQ==,69K2yURHnKZHvoctXE-UenjRuChRiBDPX-oCjfv6U4gmeR3dqUmAEsmWaxM6WXVHJ3dqQg==,Universitas Bima Internasional MFH,081052  ,Statistika Terapan,49401,MIPA,D3,2025-04-22T00:00:00Z,2025-04-22T00:00:00Z,290/B/O/2025,,,,,,Prov. Nusa Tenggara Barat,Kota Mataram,Tidak Diisi,0,0,Aktif,Baik,-,,
8DebP_ghY0ObdwSU5JbMrNrzvAn_9G9mlpdrJ6DinmrvO5OBNFA0ChIHKGcfxt_DRiKoBw==,STATISTIKA,S1,UNIVERSITAS NAHDLATUL ULAMA LAMPUNG,UNU LAMPUNG,iv1M4w0C4YUYuHcpo1xdlpQc2clUtlF0g_xnYPkmFapcUFSAFc6BkhwtjABWLrXqslqtRg==,O6KkQLyzW5Sf3BUPl8oi22rSuz439abV1P5hmUH_iHCnExwsnwXOduPytzxwxhq6MCImcw==,Universitas Nahdlatul Ulama Lampung,021026  ,Statistika,49201,MIPA,S1,2014-10-17T00:00:00Z,2014-10-17T00:00:00Z,562/E/O/2014,,,,,"Jl. Hanafiah, Lintas Timur, Mataram Marga",Prov. Lampung,Kab. Lampung Timur,Kec. Purbolinggo,0,0,Aktif,Baik,-,,
KFXkJaVz6ETio8S_0N-YAhkwrvqKHYdziA0kVOhtnQF11HA_2EyKUKylaZt2_PPm9gNSRg==,STATISTIKA,S1,UNIVERSITAS ISLAM NEGERI PALANGKA RAYA,UINPR,khIcjedrFaI5DVpVZaN3vnsH4-qvIOkndkSW7jsyXaAk5vW0746VJz0-4LTEP3eSh3if6w==,1sfwfpN12oD5jYrBP0ZBq4ek1SZ1ucCy2n9-oE7WDaLUL5C9ztk8LaM_fueBDB_W1zs6RA==,Universitas Islam Negeri Palangka Raya,201034  ,Statistika,49205,MIPA,S1,2025-12-30T00:00:00Z,2025-12-30T00:00:00Z,1225/B/O/2025,,,,,,Prov. Kalimantan Tengah,Kota Palangka Raya,Tidak Diisi,0,0,Aktif,,-,,
ra4eao5UDeXilZHx5suBqKCrB_ySq1RCP6M6ersYt6I_LGrPGoYHI_T5hIn4U95Gcu5V9A==,STATISTIKA TERAPAN DAN KOMPUTASI,D3,UNIVERSITAS NEGERI SEMARANG,UNNES,GEysjUrJ7X2guS5P-pZ8aiQarl59HCnVzfd_z96H0K7d_BhF5NjlA23WlE-3wSeaPWc_0A==,SxUvWSWsJ0dwjU0yVp_ggrVdL5AxX0MR_bCVSVh7TsSMQShR3e4fTwgkbRVLfp8DtrDpfQ==,Universitas Negeri Semarang,001041  ,Statistika Terapan dan Komputasi,49401,MIPA,D3,2003-07-09T00:00:00Z,2003-07-09T00:00:00Z,1430/D/T/2003                 ,0248508032,0248508032, matematika.unnes.ac.id                              ,statistika@mail.unnes.ac.id                            ,                                                            ,Prov. Jawa Tengah,Kota Semarang,Kec. Gunung Pati,-7.05015,110.39372,Aktif,A,-,,
d2NzhLlqdsV80U9NuJl2jUigCZOa6beqH2fWaO02l5YS8lE_Xr8YNwoMOXLh62Xz1bjGGw==,STATISTIKA DAN SAINS DATA,S2,INSTITUT PERTANIAN BOGOR,IPB,mTZtLSDjzlRL5KeY7OJvPnTReRxYsJbWtrKzPl70qrsz40BHHubUh4XZ4i21gyQQmF7blQ==,eaCH-8EYCqIT_jqQhGPICUdOiiczo2edXvc2nOApVjxOjK10gLNzgEX_0fK00q-9tEXeag==,Institut Pertanian Bogor,002003  ,Statistika dan Sains Data,49101,MIPA,S2,2020-02-04T00:00:00Z,2020-02-04T00:00:00Z,59/IT3/PP/2020,0251 – 8624535,0251 – 8624535,stat.ipb.ac.id,statistika@apps.ipb.ac.id,"Jalan Meranti Wing 22 Level 4 Kampus IPB Darmaga, Bogor",Prov. Jawa Barat,Kab. Bogor,Tidak Diisi,0,0,Aktif,Unggul,-,,
S5L-0SVl14sToQXUS8-PGTj59XAULF6z-3USczWp38MGlR_nvgeuuyqHjTlsfGX1SaJWcw==,STATISTIKA DAN SAINS DATA,S1,UNIVERSITAS NEGERI SEMARANG,UNNES,6fO1BOClCzzG6NAUUxFa2T8YPCV37IVlZ_KYhJIM2OsHe4YH-xYGVuJvSQ5ZW_0VppK3-w==,ggRe3ZFF5MyuCSmRpetVBf4K9pOOCggthvyTlXK3nSFk2frKXMhukflg4mpqSSbY2eZ_wQ==,Universitas Negeri Semarang,001041  ,Statistika dan Sains Data,49205,MIPA,S1,2023-06-13T00:00:00Z,2023-06-13T00:00:00Z,B/435/UN37/HK/2023,(024)8508032,(024)8508032,https://unnes.ac.id/ssd-s1/,,,Prov. Jawa Tengah,Kota Semarang,Kec. Gunung Pati,0,0,Aktif,Baik,-,,
ijJFhxbFiNPqq0OZ-tDBmE9kv3lNMwhYZhGW6BcVxIPKK4AV-GWOIOqzRynET4kNm6QDbA==,STATISTIKA TERAPAN,D3,POLITEKNIK MEDICA FARMA HUSADA MATARAM,POLMEFARDAM,gRq1hxvMbCxq7gyxvWEWYbQkLgzxsM0gullFZ61GhFU61kTmV4A5R4FH1Aq0WGa2CbVxYA==,-_kW_b92foyQwu3xBWt2RP7429tsEce8SPpNwyS1_aP3YGhw9nMF4LY94GjviBAzkHCVcA==,Politeknik Medica Farma Husada Mataram,085005  ,Statistika Terapan,49401,MIPA,D3,2021-02-22T00:00:00Z,2021-02-22T00:00:00Z,023/D/OT/2021,,,,,,Prov. Nusa Tenggara Barat,Kota Mataram,Kec. Sekarbela,-8.603702,116.0860491,Alih Bentuk,Baik,-,,
xfxzEuz57ZKFbbyD3RWrXkBW9_PrnlvUFyWUmZPx5MhQC-B0zaGclgeGdgIQK6QFi-6C0Q==,STATISTIKA,S1,INSTITUT SAINS DAN TEKNOLOGI AKPRIND,IST AKPRIND,1j4G1ExukjPFd_MMbRISFPGLkBfH0B5r14tfRjtIdvWKF9En4NxBeh6s1GWD1039oPRYpA==,Uzu4wBW0sUjGDpO-rj-yny4C-TRrhmawM7D4mQ0wHB12AOkJexLoZEc7Mg1CSNKao3Celw==,Institut Sains Dan Teknologi Akprind,052003  ,Statistika,49201,MIPA,S1,1991-01-16T00:00:00Z,2011-07-25T00:00:00Z,7998/D/T/K-V/2011                       ,0274-544504         ,0274-563847,statistika.akprind.ac.id,statistika.fst@gmail.com,Jl.Bimasakti No.3 Pengok,Prov. D.I. Yogyakarta,Kota Yogyakarta,Tidak Diisi,-7.787099,110.388532,Alih Bentuk,,-,,
UdhT0l9pRwmuYjWIn6gObpeJ1TKX3IgRmzdQQXoH_kbaRvNt0YOhVzsbE46YSiCqOHMJJQ==,STATISTIKA DAN SAINS DATA,S3,INSTITUT PERTANIAN BOGOR,IPB,h3bf_7wz6d5y7NX3YhcruvJmY116FPIGvBnUdlDx6FGPW1LX4e3ZHMEPqotvDxD3hXVCoQ==,pfMruXHECQSZ7fzSl-OojLCAu6jSc2vnVqFFOpSBbviCVhnUA8IMaVJBmmx_aDS6BXrDGQ==,Institut Pertanian Bogor,002003  ,Statistika dan Sains Data,49001,MIPA,S3,2020-02-04T00:00:00Z,2020-02-04T00:00:00Z,60/IT3/PP/2020,0251 – 8624535,,http://stat.ipb.ac.id,statistika@ipb.ac.id,"Jalan Meranti Wing 22 Level 4 Kampus IPB Darmaga, Bogor",Prov. Jawa Barat,Kab. Bogor,Tidak Diisi,0,0,Aktif,Unggul,-,,
IcagfWhD5BoaFZNBTIXZ79Hz9qyM1-Cuel2sVbtrIbk3Np_YPzxTwI2bLWQqgVSEMpAzNA==,STATISTIKA DAN SAINS DATA,S1,INSTITUT PERTANIAN BOGOR,IPB,GPUtm7kPhsrqpkcR9TzV7jM1f7RS5z2lS2dG7Q_vNYnXQ57xed9a7tfaZAAzvlpyVnKM5w==,PMO1JPQuMUdMWwjK1BmRjbfgtGdRDVlBYUeQA__lQPEjf3V47QiZ1Th46EbnzdgqRz88TQ==,Institut Pertanian Bogor,002003  ,Statistika dan Sains Data,49201,MIPA,S1,2020-02-03T00:00:00Z,2020-02-03T00:00:00Z,57/IT3/PP/2020,0251-8624535,0251-8624535,stat.ipb.ac.id,statistika@apps.ipb.ac.id,,Prov. Jawa Barat,Kab. Bogor,Tidak Diisi,0,0,Aktif,Unggul,-,,
uhcW-7nxOdSkrIwJkK0gIKD7hjeWvZAx9ykHE5rl1BpOp-VJTMR9e4rrBa623LwozQQRtw==,STATISTIKA,S1,INSTITUT AGAMA KRISTEN NEGERI TARUTUNG,IAKN TARUTUNG,QYl90-7FFTkWVIw8QGRUo8wMImjTu4rn9FARlmVcwMvlJl6dOmySKBzcHl_y9VjSz0gvYg==,Pp-aeylfYo7bLpx7zomwt6eHjXyUZ3Dcy9KSbS0_70Py6cBZvamBb2wW53JI26fOyh_Bfg==,Institut Agama Kristen Negeri Tarutung,222001  ,Statistika,49201,MIPA,S1,2024-01-17T00:00:00Z,2024-01-17T00:00:00Z,105/E/O/2024,,,,,,Prov. Sumatera Utara,Kab. Tapanuli Utara,Kec. Sipoholon,0,0,Aktif,Baik,-,,
ILVUpsvy_SfiLNt6n-8tr5gNI362EFkYjZNSGbYhv1MaL4NtIpCzpQuIQBXinUKA-RYAfg==,STATISTIKA,S1,UNIVERSITAS ISLAM NEGERI ABDUL MUTHALIB SANGADJI AMBON,,4fAcs_evzcKnsIpRXrNInr88l6YKckC2UJLIWUIGRPe8y0b2oUugXRMg2XqduIVeVP_16A==,Ov75i7eX5Rzv0SME5jxc0sel7vB6kfQy4yM2Ju2ufiAFmFU0ZNEhVl7G8MfJI2InGVw3Dg==,Universitas Islam Negeri Abdul Muthalib Sangadji Ambon,201038  ,Statistika,49201,MIPA,S1,2025-05-08T00:00:00Z,2025-05-08T00:00:00Z,Peraturan Presiden Nomor 60 Tahun 2025,,,,,,Prov. Maluku,Kota Ambon,Tidak Diisi,0,0,Aktif,Baik,-,,
qdYuXkTFgLLvn4bN2IDrwPMNeGV7wQ4giZpMXQFrlU6a6-kOjCD94IrImryU121f-yOVbg==,STATISTIKA,S1,UNIVERSITAS PGRI ADI BUANA SURABAYA,UNIPA SURABAYA,GY5i4ozM5TzPz8AiEwp7yK8xGrWtjYsH8UYPf1Xmsd-xpEFRkJGWZw2XglIx4VaWCDx7xw==,qO_xt1DiFqjR3Xvi0SmaE1xbu5OrNz7VOAfdVk5M3p-KLaSnEja0FwVhXsgs2B7kNtghtg==,Universitas PGRI Adi Buana Surabaya,071049  ,Statistika,49201,MIPA,S1,1998-06-23T00:00:00Z,2011-09-29T00:00:00Z,8910/D/T/K-VII/2011                     ,031 5053128         ,                    ,https://statistika.unipasby.ac.id/             ,statistika@unipasby.ac.id          ,Jl. Dukuh Menanggal XII Surabaya                            ,Prov. Jawa Timur,Kota Surabaya,Tidak Diisi,-7.343724,112.72151,Aktif,B,-,,
H2QO-PYxjuAV3GzkPRcB13yZhg2VMBzBWNOA27Nsr12ezRWykNkIVqQ3-vfAZa1yo_wqkA==,SAINS AKTUARIA,S1,INSTITUT TEKNOLOGI STATISTIKA DAN BISNIS MUHAMMADIYAH SEMARANG,ITESA MUHAMMADIYAH,Kj9L_et0Mn5qKRDVYks4dIPdZx3LVpBVPOrNtLJPXDle66O7_ihH6PlZqm0zNSGTOZ93AA==,JTxAKjLS3aiuWmbYPQqV8Ywn5WfZ5PJ4GiypBSv0qysQlXn5biIiWkQ_8HVl5QuTKDFP1A==,Institut Teknologi Statistika dan Bisnis Muhammadiyah Semarang,062010  ,Sains Aktuaria,94203,MIPA,S1,2021-07-26T00:00:00Z,2021-07-26T00:00:00Z,347/E/O/2021,,,,,,Prov. Jawa Tengah,Kota Semarang,Tidak Diisi,0,0,Aktif,Baik,-,,
hiXU2S4lStoV0kiVN2-mFgAlYWnWsXFI7u9DU3SoLR7fOADQb7NYlRnqYVnDsaxDNGnEsQ==,MANAJEMEN RITEL,S1,INSTITUT TEKNOLOGI STATISTIKA DAN BISNIS MUHAMMADIYAH SEMARANG,ITESA MUHAMMADIYAH,Cv8HBxur4dEUnuaBqH4fk1UOQrVMEsiYxXcs1odbPw8hi2m29CWjOmEYS7NKNaDCvEyuvA==,VN1uXqtru09HfwCJqCPclKOH_o36Jewh3-cuCkQgXJE5WNmiXjc6ZKsyQHW2mOLAHXYZKg==,Institut Teknologi Statistika dan Bisnis Muhammadiyah Semarang,062010  ,Manajemen Ritel,61201,Ekonomi,S1,2021-07-26T00:00:00Z,2021-07-26T00:00:00Z,347/E/O/2021,,,,,,Prov. Jawa Tengah,Kota Semarang,Tidak Diisi,0,0,Aktif,Baik,-,,
S1Ge5z1M_2K55e27AcnZuOIQlxJBVmGo-W12Rz-oy4wgnPmWxe8KkjJnNSO17yS2wAeLHA==,STATISTIKA,S1,UNIVERSITAS ISLAM NEGERI SJECH M. DJAMIL DJAMBEK BUKITTINGGI,UIN BUKITTINGGI,2yinF0AbXqHhIiLLrC7zQ_rVLoLRD8i0SxswmnUbddoBlaJDR-Ds9iJIT1l0Zrl23h1FnA==,BKZic-bBacu5Igha4mm_zoRPlhY7SmjdOuWzjzYBMkLG8vtBWCaoJvP3fgfKBDlizplpBA==,Universitas Islam Negeri Sjech M. Djamil Djambek Bukittinggi,201027  ,Statistika,49201,MIPA,S1,2022-12-02T00:00:00Z,2022-12-02T00:00:00Z,884/E/O/2022,075222875,075222875,https://statistikauinbkt@gmail.com,statistika@uinbukittinggi.ac.id,,Prov. Sumatera Barat,Kab. Agam,Tidak Diisi,-0.32181,100.397614,Aktif,Baik,-,,
Md0QLwOo-6Zt8_JtEYdFbgoUpivHDNvZDi-8oQPuaSXWEf5KVUGIfZh3QyNGWK9H8PexnA==,STATISTIKA,S1,UNIVERSITAS ISLAM NEGERI SULTHAN THAHA SAIFUDDIN JAMBI,UIN SUTHA JAMBI,Sr35dklwpybiXz0PrZjDOJfTiPvmVh7m72EKsSh6Bx3Oe2sDjCYmA-GVKX9o8eB3H-km9w==,q1c4vZGZBztjRfI8Zo_LZZ8Ji3t7iAGkt88odmFaE0N-MW-kyOlu1mhipXraf63T6g9YIQ==,Universitas Islam Negeri Sulthan Thaha Saifuddin Jambi,201016  ,Statistika,49201,MIPA,S1,2022-08-31T00:00:00Z,2022-08-31T00:00:00Z,632/E/O/2022,,,,,,Prov. Jambi,Kota Jambi,Tidak Diisi,-1.606648,103.5085837,Aktif,Baik,-,,
A0CeEBxWDwD9rT4ZWy2AoX6kqHm8SWcXmbQ-GXcXTO0OsL8TOv1LzmBHsSMd1Zuv8wKfqg==,REKAYASA PERANGKAT LUNAK,S1,INSTITUT TEKNOLOGI STATISTIKA DAN BISNIS MUHAMMADIYAH SEMARANG,ITESA MUHAMMADIYAH,Z0RY5B5yN8M4IAwnHMcgC3p_bnQ9p6TPPcW9koUjYm3OChhbNSQga08Ura-g_MJOJPgNOw==,PtA2w36CqF6_furC340uvjSM4z6ZcBanw1mWBBpRa2Yzmn82MDuGklXPCRUYz9zMnu7qDQ==,Institut Teknologi Statistika dan Bisnis Muhammadiyah Semarang,062010  ,Rekayasa Perangkat Lunak,58201,Teknik,S1,2021-07-26T00:00:00Z,2021-07-26T00:00:00Z,347/E/O/2021,,,,,,Prov. Jawa Tengah,Kota Semarang,Tidak Diisi,0,0,Aktif,Baik Sekali,-,,
vubm6HadiURT1cWqkAbUbI20xUv3_y2TEbnI6TVB2R3bw2AVvdPv7appF7aKf-r_wiILoA==,STATISTIK,S1,UNIVERSITAS TANJUNGPURA,UNTAN,MZAwHW5fQApdp5lyvGljfvZSJAp7HswGqSJ37vLfPrb5Ren3SLSOHTvrvbfK5AppZUrPuA==,wThNZlWp3z-RFxPRAD4pJ3uj3nJbE5-iLjE9tYYfBaA471wcb_XywZb4tGw7tSDHpyiUvA==,Universitas Tanjungpura,001022  ,Statistik,49201,MIPA,S1,2013-07-10T00:00:00Z,2013-07-10T00:00:00Z,630/E.E2/DT/2013,,,,,-,Prov. Kalimantan Barat,Kota Pontianak,Kec. Pontianak Tenggara,0,0,Aktif,Baik Sekali,-,,
eTQX3l2TZe_W3HdJ442Xk7Kt-Sd_mYJ7QQcVDx_oSdfjb2Yg6TQkZtYTyJbKS9TewfNTig==,STATISTIK,S1,UNIVERSITAS PGRI ARGOPURO JEMBER,UNIPAR,qTy7cNiwErxvLgFlSIOqe3JhcKZLuTWJOGGCvPLN8VJlopRBbir5lpXtTu-BMC49506rlQ==,PcNlb1y98WlcBRuX_5KntDsOsY6Jbsu4CI4Bv1h-AMR8ntryJbskU420F_8cqzSqkNVmaA==,Universitas PGRI Argopuro Jember,071106  ,Statistik,49201,MIPA,S1,2021-04-12T00:00:00Z,2021-04-12T00:00:00Z,131/E/O/2021,,,,,,Prov. Jawa Timur,Kab. Jember,Kec. Sumbersari,0,0,Aktif,Baik,-,,
sYUMwVWMZP7keqDs24L0nJmREFr5eKF_RvBKEVjDP5Vqy57v2DiZ0Zp0v0Z7ZhgsZHd6_Q==,ILMU STATISTIK,S3,INSTITUT TEKNOLOGI SEPULUH NOPEMBER,,1pDwk8qXje_Tvl2td-ktssHzGMNEXVhYNcXHkPBDx2ZJICGShVjq1WfPbk8d31ZOEwHXXQ==,rwBGbUt1otPDmnCVmmkt6pLzplsJzdn_BVWqQAOUlqOs1-jmyJaSECsa3PrGFw-FV3LUCw==,Institut Teknologi Sepuluh Nopember,002002  ,Ilmu Statistik,49001,MIPA,S3,2006-08-14T00:00:00Z,2012-04-20T00:00:00Z,11578/D/T/K-N/2012                      ,031-5943352      ,031-5922940         ,statistics.its.ac.id            ,statistika@its.ac.id                    ,"Jurusan Statistika S3 FMIPA, Kampus ITS Sukolilo Surabaya   ",Prov. Jawa Timur,Kota Surabaya,Kec. Sukolilo,-7.2857865,112.7939527,Aktif,A,-,,
rGZ3iH2myScG9ZaBFJ_YEoMJ3BPRxLoVKigVSRLAH_zXFVPQjFMU15rhQV4X5f8kFfUROQ==,STATISTIK,S1,INSTITUT  SAINS DAN TEKNOLOGI NAHDLATUL ULAMA BALI,ISTNUBA,8DSM6vmM4WQo2P7ocwklxKcKJBoHADupWKxs9Q9rKoTB919sZfWpk9FtHeVpPOICbrtRXg==,2UcyxXa8Wq4MeeRkfDsT9ykeZwEK-33iaOzwiuLNghOpK1ZViBOZxbQ-sYbLcuMEEAKY8Q==,Institut  Sains dan Teknologi Nahdlatul Ulama Bali,082011  ,Statistik,49201,MIPA,S1,2019-08-19T00:00:00Z,2019-08-19T00:00:00Z,709/KPT/I/2019,,,,,"Jl. Pura Demak Barat No.31, Pemecutan Klod",Prov. Bali,Kota Denpasar,Kec. Denpasar Barat,9.4820712,148.8406117,Aktif,Baik,-,,
